id,customer_id,loan_period,extension_days,waiting_days,start_date,extension_date,end_date,default_date,interest_rate,overdue_rate,loan_amount,paid_amount,paid_interest
1,3,30,0,90,2024-06-19,2024-06-19,2024-07-19,2024-10-17,4.5,6,1821000,0,0
2,85,30,0,90,2024-11-04,2024-11-04,2024-12-04,2025-03-04,4.5,6,9762000,0,0
3,83,30,0,90,2024-12-11,2024-12-11,2025-01-10,2025-04-10,4.5,6,6368000,0,0
4,67,30,0,90,2024-12-01,2024-12-01,2024-12-31,2025-03-31,4.5,6,1153000,0,0
5,3,30,0,90,2024-07-28,2024-07-28,2024-08-27,2024-11-25,4.5,6,7827000,0,0
6,53,30,0,90,2024-08-24,2024-08-24,2024-09-23,2024-12-22,4.5,6,2033000,0,0
7,8,30,0,90,2024-04-03,2024-04-03,2024-05-03,2024-08-01,4.5,6,1601000,0,0
8,7,30,0,90,2025-02-10,2025-02-10,2025-03-12,2025-06-10,4.5,6,7163000,0,0
9,24,30,0,90,2025-03-17,2025-03-17,2025-04-16,2025-07-15,4.5,6,2196000,0,0
10,91,30,0,90,2025-02-13,2025-02-13,2025-03-15,2025-06-13,4.5,6,2826000,0,0
11,84,30,0,90,2024-05-25,2024-05-25,2024-06-24,2024-09-22,4.5,6,3460000,0,0
12,92,30,0,90,2024-09-10,2024-09-10,2024-10-10,2025-01-08,4.5,6,8994000,0,0
13,16,30,0,90,2025-01-27,2025-01-27,2025-02-26,2025-05-27,4.5,6,5888000,0,0
14,33,30,0,90,2025-03-15,2025-03-15,2025-04-14,2025-07-13,4.5,6,8162000,0,0
15,92,30,0,90,2025-03-14,2025-03-14,2025-04-13,2025-07-12,4.5,6,6204000,0,0
16,33,30,0,90,2024-11-06,2024-11-06,2024-12-06,2025-03-06,4.5,6,8462000,0,0
17,71,30,0,90,2024-11-06,2024-11-06,2024-12-06,2025-03-06,4.5,6,1832000,0,0
18,31,30,0,90,2025-03-11,2025-03-11,2025-04-10,2025-07-09,4.5,6,3524000,0,0
19,13,30,0,90,2025-02-14,2025-02-14,2025-03-16,2025-06-14,4.5,6,254000,0,0
20,81,30,0,90,2024-04-20,2024-04-20,2024-05-20,2024-08-18,4.5,6,5199000,0,0
21,12,30,0,90,2024-07-08,2024-07-08,2024-08-07,2024-11-05,4.5,6,3995000,0,0
22,66,30,0,90,2024-06-19,2024-06-19,2024-07-19,2024-10-17,4.5,6,174000,0,0
23,7,30,0,90,2024-08-13,2024-08-13,2024-09-12,2024-12-11,4.5,6,6581000,0,0
24,34,30,0,90,2024-09-11,2024-09-11,2024-10-11,2025-01-09,4.5,6,8690000,0,0
25,93,30,0,90,2024-05-20,2024-05-20,2024-06-19,2024-09-17,4.5,6,7431000,0,0
26,12,30,0,90,2024-10-25,2024-10-25,2024-11-24,2025-02-22,4.5,6,7627000,0,0
27,37,30,0,90,2024-10-05,2024-10-05,2024-11-04,2025-02-02,4.5,6,9251000,0,0
28,36,30,0,90,2024-11-01,2024-11-01,2024-12-01,2025-03-01,4.5,6,1528000,0,0
29,99,30,0,90,2024-05-28,2024-05-28,2024-06-27,2024-09-25,4.5,6,1681000,0,0
30,69,30,0,90,2024-06-14,2024-06-14,2024-07-14,2024-10-12,4.5,6,8901000,0,0
31,88,30,0,90,2024-06-05,2024-06-05,2024-07-05,2024-10-03,4.5,6,9335000,0,0
32,73,30,0,90,2024-10-06,2024-10-06,2024-11-05,2025-02-03,4.5,6,7608000,0,0
33,74,30,0,90,2025-03-16,2025-03-16,2025-04-15,2025-07-14,4.5,6,2430000,0,0
34,20,30,0,90,2024-08-14,2024-08-14,2024-09-13,2024-12-12,4.5,6,5648000,0,0
35,61,30,0,90,2024-10-21,2024-10-21,2024-11-20,2025-02-18,4.5,6,9526000,0,0
36,55,30,0,90,2025-03-25,2025-03-25,2025-04-24,2025-07-23,4.5,6,6137000,0,0
37,86,30,0,90,2024-10-27,2024-10-27,2024-11-26,2025-02-24,4.5,6,2927000,0,0
38,53,30,0,90,2024-09-09,2024-09-09,2024-10-09,2025-01-07,4.5,6,5111000,0,0
39,19,30,0,90,2025-03-18,2025-03-18,2025-04-17,2025-07-16,4.5,6,385000,0,0
40,53,30,0,90,2025-02-23,2025-02-23,2025-03-25,2025-06-23,4.5,6,6613000,0,0
41,31,30,0,90,2024-06-11,2024-06-11,2024-07-11,2024-10-09,4.5,6,3748000,0,0
42,7,30,0,90,2024-05-17,2024-05-17,2024-06-16,2024-09-14,4.5,6,4865000,0,0
43,56,30,0,90,2024-08-20,2024-08-20,2024-09-19,2024-12-18,4.5,6,6176000,0,0
44,96,30,0,90,2024-10-30,2024-10-30,2024-11-29,2025-02-27,4.5,6,7106000,0,0
45,61,30,0,90,2024-06-19,2024-06-19,2024-07-19,2024-10-17,4.5,6,5370000,0,0
46,92,30,0,90,2024-06-17,2024-06-17,2024-07-17,2024-10-15,4.5,6,3876000,0,0
47,58,30,0,90,2024-10-30,2024-10-30,2024-11-29,2025-02-27,4.5,6,3611000,0,0
48,42,30,0,90,2024-06-10,2024-06-10,2024-07-10,2024-10-08,4.5,6,3355000,0,0
49,16,30,0,90,2024-11-29,2024-11-29,2024-12-29,2025-03-29,4.5,6,2442000,0,0
50,6,30,0,90,2024-08-28,2024-08-28,2024-09-27,2024-12-26,4.5,6,5974000,0,0
51,31,30,0,90,2024-11-21,2024-11-21,2024-12-21,2025-03-21,4.5,6,7762000,0,0
52,17,30,0,90,2024-04-19,2024-04-19,2024-05-19,2024-08-17,4.5,6,7456000,0,0
53,68,30,0,90,2024-07-16,2024-07-16,2024-08-15,2024-11-13,4.5,6,4563000,0,0
54,46,30,0,90,2024-11-26,2024-11-26,2024-12-26,2025-03-26,4.5,6,87000,0,0
55,29,30,0,90,2024-10-29,2024-10-29,2024-11-28,2025-02-26,4.5,6,6310000,0,0
56,93,30,0,90,2024-07-28,2024-07-28,2024-08-27,2024-11-25,4.5,6,8732000,0,0
57,22,30,0,90,2024-11-04,2024-11-04,2024-12-04,2025-03-04,4.5,6,7093000,0,0
58,81,30,0,90,2024-11-26,2024-11-26,2024-12-26,2025-03-26,4.5,6,1795000,0,0
59,87,30,0,90,2025-02-07,2025-02-07,2025-03-09,2025-06-07,4.5,6,2847000,0,0
60,7,30,0,90,2024-08-29,2024-08-29,2024-09-28,2024-12-27,4.5,6,4123000,0,0
61,68,30,0,90,2024-04-11,2024-04-11,2024-05-11,2024-08-09,4.5,6,6222000,0,0
62,66,30,0,90,2024-05-31,2024-05-31,2024-06-30,2024-09-28,4.5,6,6033000,0,0
63,3,30,0,90,2025-01-03,2025-01-03,2025-02-02,2025-05-03,4.5,6,9076000,0,0
64,98,30,0,90,2025-03-07,2025-03-07,2025-04-06,2025-07-05,4.5,6,3284000,0,0
65,14,30,0,90,2024-04-22,2024-04-22,2024-05-22,2024-08-20,4.5,6,7670000,0,0
66,53,30,0,90,2024-10-22,2024-10-22,2024-11-21,2025-02-19,4.5,6,200000,0,0
67,17,30,0,90,2025-01-07,2025-01-07,2025-02-06,2025-05-07,4.5,6,1088000,0,0
68,27,30,0,90,2024-09-23,2024-09-23,2024-10-23,2025-01-21,4.5,6,8368000,0,0
69,44,30,0,90,2024-09-28,2024-09-28,2024-10-28,2025-01-26,4.5,6,4472000,0,0
70,55,30,0,90,2024-05-23,2024-05-23,2024-06-22,2024-09-20,4.5,6,6038000,0,0
71,85,30,0,90,2025-02-22,2025-02-22,2025-03-24,2025-06-22,4.5,6,3341000,0,0
72,12,30,0,90,2024-07-29,2024-07-29,2024-08-28,2024-11-26,4.5,6,3236000,0,0
73,38,30,0,90,2024-08-02,2024-08-02,2024-09-01,2024-11-30,4.5,6,7862000,0,0
74,95,30,0,90,2024-07-20,2024-07-20,2024-08-19,2024-11-17,4.5,6,1543000,0,0
75,88,30,0,90,2025-02-12,2025-02-12,2025-03-14,2025-06-12,4.5,6,9287000,0,0
76,64,30,0,90,2024-10-27,2024-10-27,2024-11-26,2025-02-24,4.5,6,815000,0,0
77,58,30,0,90,2024-09-03,2024-09-03,2024-10-03,2025-01-01,4.5,6,8309000,0,0
78,74,30,0,90,2024-11-29,2024-11-29,2024-12-29,2025-03-29,4.5,6,2491000,0,0
79,37,30,0,90,2024-11-21,2024-11-21,2024-12-21,2025-03-21,4.5,6,809000,0,0
80,10,30,0,90,2025-02-07,2025-02-07,2025-03-09,2025-06-07,4.5,6,4531000,0,0
81,68,30,0,90,2025-01-19,2025-01-19,2025-02-18,2025-05-19,4.5,6,5578000,0,0
82,45,30,0,90,2024-05-10,2024-05-10,2024-06-09,2024-09-07,4.5,6,2047000,0,0
83,80,30,0,90,2024-11-18,2024-11-18,2024-12-18,2025-03-18,4.5,6,8706000,0,0
84,43,30,0,90,2024-12-10,2024-12-10,2025-01-09,2025-04-09,4.5,6,7258000,0,0
85,35,30,0,90,2024-07-28,2024-07-28,2024-08-27,2024-11-25,4.5,6,5046000,0,0
86,96,30,0,90,2024-03-30,2024-03-30,2024-04-29,2024-07-28,4.5,6,2794000,0,0
87,68,30,0,90,2025-02-21,2025-02-21,2025-03-23,2025-06-21,4.5,6,3315000,0,0
88,39,30,0,90,2024-11-25,2024-11-25,2024-12-25,2025-03-25,4.5,6,9101000,0,0
89,6,30,0,90,2025-02-07,2025-02-07,2025-03-09,2025-06-07,4.5,6,8589000,0,0
90,5,30,0,90,2024-05-27,2024-05-27,2024-06-26,2024-09-24,4.5,6,4441000,0,0
91,76,30,0,90,2024-12-08,2024-12-08,2025-01-07,2025-04-07,4.5,6,9648000,0,0
92,36,30,0,90,2024-06-03,2024-06-03,2024-07-03,2024-10-01,4.5,6,7624000,0,0
93,61,30,0,90,2024-12-10,2024-12-10,2025-01-09,2025-04-09,4.5,6,9602000,0,0
94,72,30,0,90,2025-02-06,2025-02-06,2025-03-08,2025-06-06,4.5,6,9879000,0,0
95,72,30,0,90,2025-01-05,2025-01-05,2025-02-04,2025-05-05,4.5,6,3751000,0,0
96,54,30,0,90,2024-06-09,2024-06-09,2024-07-09,2024-10-07,4.5,6,8446000,0,0
97,23,30,0,90,2024-09-18,2024-09-18,2024-10-18,2025-01-16,4.5,6,2169000,0,0
98,45,30,0,90,2024-06-17,2024-06-17,2024-07-17,2024-10-15,4.5,6,5510000,0,0
99,67,30,0,90,2024-04-15,2024-04-15,2024-05-15,2024-08-13,4.5,6,7186000,0,0
100,49,30,0,90,2024-08-13,2024-08-13,2024-09-12,2024-12-11,4.5,6,525000,0,0
101,21,30,0,90,2024-07-13,2024-07-13,2024-08-12,2024-11-10,4.5,6,6901000,0,0
102,76,30,0,90,2024-10-20,2024-10-20,2024-11-19,2025-02-17,4.5,6,763000,0,0
103,22,30,0,90,2025-01-11,2025-01-11,2025-02-10,2025-05-11,4.5,6,7006000,0,0
104,22,30,0,90,2024-10-13,2024-10-13,2024-11-12,2025-02-10,4.5,6,160000,0,0
105,30,30,0,90,2024-06-14,2024-06-14,2024-07-14,2024-10-12,4.5,6,344000,0,0
106,56,30,0,90,2024-11-13,2024-11-13,2024-12-13,2025-03-13,4.5,6,6294000,0,0
107,92,30,0,90,2024-08-30,2024-08-30,2024-09-29,2024-12-28,4.5,6,6720000,0,0
108,96,30,0,90,2024-06-05,2024-06-05,2024-07-05,2024-10-03,4.5,6,5149000,0,0
109,7,30,0,90,2024-03-31,2024-03-31,2024-04-30,2024-07-29,4.5,6,2000000,0,0
110,63,30,0,90,2024-04-04,2024-04-04,2024-05-04,2024-08-02,4.5,6,32000,0,0
111,53,30,0,90,2025-02-11,2025-02-11,2025-03-13,2025-06-11,4.5,6,6032000,0,0
112,72,30,0,90,2024-11-09,2024-11-09,2024-12-09,2025-03-09,4.5,6,8628000,0,0
113,25,30,0,90,2025-02-14,2025-02-14,2025-03-16,2025-06-14,4.5,6,8800000,0,0
114,49,30,0,90,2025-02-09,2025-02-09,2025-03-11,2025-06-09,4.5,6,1038000,0,0
115,44,30,0,90,2024-09-05,2024-09-05,2024-10-05,2025-01-03,4.5,6,1254000,0,0
116,55,30,0,90,2024-10-11,2024-10-11,2024-11-10,2025-02-08,4.5,6,1149000,0,0
117,7,30,0,90,2025-03-22,2025-03-22,2025-04-21,2025-07-20,4.5,6,5459000,0,0
118,3,30,0,90,2024-06-21,2024-06-21,2024-07-21,2024-10-19,4.5,6,3018000,0,0
119,30,30,0,90,2024-08-07,2024-08-07,2024-09-06,2024-12-05,4.5,6,7561000,0,0
120,29,30,0,90,2024-07-16,2024-07-16,2024-08-15,2024-11-13,4.5,6,2435000,0,0
121,34,30,0,90,2024-06-13,2024-06-13,2024-07-13,2024-10-11,4.5,6,2408000,0,0
122,14,30,0,90,2024-04-18,2024-04-18,2024-05-18,2024-08-16,4.5,6,7453000,0,0
123,38,30,0,90,2024-08-31,2024-08-31,2024-09-30,2024-12-29,4.5,6,5989000,0,0
124,15,30,0,90,2025-01-19,2025-01-19,2025-02-18,2025-05-19,4.5,6,666000,0,0
125,69,30,0,90,2024-03-29,2024-03-29,2024-04-28,2024-07-27,4.5,6,1536000,0,0
126,96,30,0,90,2024-11-23,2024-11-23,2024-12-23,2025-03-23,4.5,6,6891000,0,0
127,49,30,0,90,2024-09-24,2024-09-24,2024-10-24,2025-01-22,4.5,6,9031000,0,0
128,84,30,0,90,2024-12-24,2024-12-24,2025-01-23,2025-04-23,4.5,6,7311000,0,0
129,58,30,0,90,2024-10-29,2024-10-29,2024-11-28,2025-02-26,4.5,6,2339000,0,0
130,32,30,0,90,2024-07-30,2024-07-30,2024-08-29,2024-11-27,4.5,6,6528000,0,0
131,55,30,0,90,2024-06-28,2024-06-28,2024-07-28,2024-10-26,4.5,6,1778000,0,0
132,9,30,0,90,2024-04-28,2024-04-28,2024-05-28,2024-08-26,4.5,6,2364000,0,0
133,57,30,0,90,2024-08-27,2024-08-27,2024-09-26,2024-12-25,4.5,6,4842000,0,0
134,72,30,0,90,2024-12-16,2024-12-16,2025-01-15,2025-04-15,4.5,6,7704000,0,0
135,93,30,0,90,2024-07-23,2024-07-23,2024-08-22,2024-11-20,4.5,6,5087000,0,0
136,37,30,0,90,2025-02-12,2025-02-12,2025-03-14,2025-06-12,4.5,6,3212000,0,0
137,5,30,0,90,2025-01-22,2025-01-22,2025-02-21,2025-05-22,4.5,6,4962000,0,0
138,30,30,0,90,2025-03-04,2025-03-04,2025-04-03,2025-07-02,4.5,6,6550000,0,0
139,35,30,0,90,2024-05-28,2024-05-28,2024-06-27,2024-09-25,4.5,6,8926000,0,0
140,17,30,0,90,2024-08-02,2024-08-02,2024-09-01,2024-11-30,4.5,6,4582000,0,0
141,91,30,0,90,2024-10-17,2024-10-17,2024-11-16,2025-02-14,4.5,6,366000,0,0
142,51,30,0,90,2024-11-15,2024-11-15,2024-12-15,2025-03-15,4.5,6,6355000,0,0
143,30,30,0,90,2024-12-26,2024-12-26,2025-01-25,2025-04-25,4.5,6,987000,0,0
144,58,30,0,90,2024-09-23,2024-09-23,2024-10-23,2025-01-21,4.5,6,3859000,0,0
145,91,30,0,90,2024-09-07,2024-09-07,2024-10-07,2025-01-05,4.5,6,5463000,0,0
146,93,30,0,90,2025-01-01,2025-01-01,2025-01-31,2025-05-01,4.5,6,2752000,0,0
147,68,30,0,90,2025-02-15,2025-02-15,2025-03-17,2025-06-15,4.5,6,845000,0,0
148,73,30,0,90,2024-07-25,2024-07-25,2024-08-24,2024-11-22,4.5,6,8662000,0,0
149,3,30,0,90,2024-11-25,2024-11-25,2024-12-25,2025-03-25,4.5,6,7457000,0,0
150,38,30,0,90,2024-10-25,2024-10-25,2024-11-24,2025-02-22,4.5,6,3145000,0,0
151,30,30,0,90,2024-09-27,2024-09-27,2024-10-27,2025-01-25,4.5,6,6777000,0,0
152,25,30,0,90,2024-08-30,2024-08-30,2024-09-29,2024-12-28,4.5,6,9222000,0,0
153,86,30,0,90,2024-04-02,2024-04-02,2024-05-02,2024-07-31,4.5,6,2567000,0,0
154,54,30,0,90,2024-07-11,2024-07-11,2024-08-10,2024-11-08,4.5,6,3543000,0,0
155,28,30,0,90,2024-10-16,2024-10-16,2024-11-15,2025-02-13,4.5,6,9352000,0,0
156,63,30,0,90,2024-10-23,2024-10-23,2024-11-22,2025-02-20,4.5,6,5473000,0,0
157,91,30,0,90,2024-09-02,2024-09-02,2024-10-02,2024-12-31,4.5,6,9747000,0,0
158,42,30,0,90,2025-01-10,2025-01-10,2025-02-09,2025-05-10,4.5,6,3556000,0,0
159,76,30,0,90,2025-01-08,2025-01-08,2025-02-07,2025-05-08,4.5,6,5581000,0,0
160,51,30,0,90,2024-10-27,2024-10-27,2024-11-26,2025-02-24,4.5,6,1435000,0,0
161,65,30,0,90,2025-01-30,2025-01-30,2025-03-01,2025-05-30,4.5,6,5472000,0,0
162,15,30,0,90,2025-03-06,2025-03-06,2025-04-05,2025-07-04,4.5,6,4178000,0,0
163,55,30,0,90,2024-05-02,2024-05-02,2024-06-01,2024-08-30,4.5,6,8451000,0,0
164,29,30,0,90,2024-04-09,2024-04-09,2024-05-09,2024-08-07,4.5,6,1778000,0,0
165,47,30,0,90,2024-08-15,2024-08-15,2024-09-14,2024-12-13,4.5,6,1549000,0,0
166,1,30,0,90,2024-10-02,2024-10-02,2024-11-01,2025-01-30,4.5,6,4042000,0,0
167,83,30,0,90,2024-06-15,2024-06-15,2024-07-15,2024-10-13,4.5,6,6777000,0,0
168,52,30,0,90,2024-04-07,2024-04-07,2024-05-07,2024-08-05,4.5,6,1871000,0,0
169,63,30,0,90,2024-07-16,2024-07-16,2024-08-15,2024-11-13,4.5,6,2022000,0,0
170,63,30,0,90,2024-12-05,2024-12-05,2025-01-04,2025-04-04,4.5,6,6305000,0,0
171,96,30,0,90,2025-02-19,2025-02-19,2025-03-21,2025-06-19,4.5,6,2796000,0,0
172,23,30,0,90,2024-04-21,2024-04-21,2024-05-21,2024-08-19,4.5,6,2375000,0,0
173,47,30,0,90,2025-01-09,2025-01-09,2025-02-08,2025-05-09,4.5,6,4688000,0,0
174,74,30,0,90,2024-06-25,2024-06-25,2024-07-25,2024-10-23,4.5,6,8875000,0,0
175,48,30,0,90,2024-07-03,2024-07-03,2024-08-02,2024-10-31,4.5,6,4857000,0,0
176,70,30,0,90,2024-06-23,2024-06-23,2024-07-23,2024-10-21,4.5,6,2587000,0,0
177,97,30,0,90,2025-01-05,2025-01-05,2025-02-04,2025-05-05,4.5,6,8381000,0,0
178,56,30,0,90,2024-09-20,2024-09-20,2024-10-20,2025-01-18,4.5,6,2971000,0,0
179,94,30,0,90,2024-09-03,2024-09-03,2024-10-03,2025-01-01,4.5,6,1938000,0,0
180,70,30,0,90,2025-02-14,2025-02-14,2025-03-16,2025-06-14,4.5,6,3929000,0,0
181,96,30,0,90,2024-06-08,2024-06-08,2024-07-08,2024-10-06,4.5,6,2671000,0,0
182,91,30,0,90,2024-04-22,2024-04-22,2024-05-22,2024-08-20,4.5,6,8479000,0,0
183,80,30,0,90,2024-05-31,2024-05-31,2024-06-30,2024-09-28,4.5,6,5904000,0,0
184,41,30,0,90,2024-05-11,2024-05-11,2024-06-10,2024-09-08,4.5,6,6514000,0,0
185,34,30,0,90,2024-04-28,2024-04-28,2024-05-28,2024-08-26,4.5,6,498000,0,0
186,37,30,0,90,2024-11-27,2024-11-27,2024-12-27,2025-03-27,4.5,6,8350000,0,0
187,96,30,0,90,2025-02-23,2025-02-23,2025-03-25,2025-06-23,4.5,6,3935000,0,0
188,6,30,0,90,2024-04-28,2024-04-28,2024-05-28,2024-08-26,4.5,6,4402000,0,0
189,97,30,0,90,2024-04-08,2024-04-08,2024-05-08,2024-08-06,4.5,6,5600000,0,0
190,23,30,0,90,2024-06-29,2024-06-29,2024-07-29,2024-10-27,4.5,6,324000,0,0
191,17,30,0,90,2024-09-03,2024-09-03,2024-10-03,2025-01-01,4.5,6,7454000,0,0
192,34,30,0,90,2024-12-14,2024-12-14,2025-01-13,2025-04-13,4.5,6,4280000,0,0
193,31,30,0,90,2025-02-25,2025-02-25,2025-03-27,2025-06-25,4.5,6,3365000,0,0
194,46,30,0,90,2025-01-07,2025-01-07,2025-02-06,2025-05-07,4.5,6,5819000,0,0
195,12,30,0,90,2024-12-07,2024-12-07,2025-01-06,2025-04-06,4.5,6,222000,0,0
196,74,30,0,90,2024-05-17,2024-05-17,2024-06-16,2024-09-14,4.5,6,1409000,0,0
197,95,30,0,90,2024-08-04,2024-08-04,2024-09-03,2024-12-02,4.5,6,3796000,0,0
198,8,30,0,90,2024-04-29,2024-04-29,2024-05-29,2024-08-27,4.5,6,6188000,0,0
199,82,30,0,90,2025-02-27,2025-02-27,2025-03-29,2025-06-27,4.5,6,5043000,0,0
200,77,30,0,90,2025-02-01,2025-02-01,2025-03-03,2025-06-01,4.5,6,1821000,0,0
201,40,30,0,90,2025-03-04,2025-03-04,2025-04-03,2025-07-02,4.5,6,8842000,0,0
202,49,30,0,90,2024-08-10,2024-08-10,2024-09-09,2024-12-08,4.5,6,5161000,0,0
203,85,30,0,90,2025-02-26,2025-02-26,2025-03-28,2025-06-26,4.5,6,5004000,0,0
204,88,30,0,90,2024-09-30,2024-09-30,2024-10-30,2025-01-28,4.5,6,4257000,0,0
205,6,30,0,90,2024-08-14,2024-08-14,2024-09-13,2024-12-12,4.5,6,3930000,0,0
206,34,30,0,90,2024-11-02,2024-11-02,2024-12-02,2025-03-02,4.5,6,2709000,0,0
207,76,30,0,90,2025-01-15,2025-01-15,2025-02-14,2025-05-15,4.5,6,5032000,0,0
208,23,30,0,90,2024-08-03,2024-08-03,2024-09-02,2024-12-01,4.5,6,8181000,0,0
209,45,30,0,90,2024-06-14,2024-06-14,2024-07-14,2024-10-12,4.5,6,3287000,0,0
210,40,30,0,90,2024-04-09,2024-04-09,2024-05-09,2024-08-07,4.5,6,6839000,0,0
211,68,30,0,90,2024-05-01,2024-05-01,2024-05-31,2024-08-29,4.5,6,9374000,0,0
212,50,30,0,90,2025-03-12,2025-03-12,2025-04-11,2025-07-10,4.5,6,3178000,0,0
213,74,30,0,90,2024-11-08,2024-11-08,2024-12-08,2025-03-08,4.5,6,7458000,0,0
214,76,30,0,90,2025-01-17,2025-01-17,2025-02-16,2025-05-17,4.5,6,2100000,0,0
215,37,30,0,90,2024-04-26,2024-04-26,2024-05-26,2024-08-24,4.5,6,1110000,0,0
216,75,30,0,90,2024-05-15,2024-05-15,2024-06-14,2024-09-12,4.5,6,121000,0,0
217,8,30,0,90,2024-12-19,2024-12-19,2025-01-18,2025-04-18,4.5,6,4617000,0,0
218,10,30,0,90,2024-09-30,2024-09-30,2024-10-30,2025-01-28,4.5,6,2751000,0,0
219,76,30,0,90,2024-09-27,2024-09-27,2024-10-27,2025-01-25,4.5,6,7184000,0,0
220,21,30,0,90,2024-10-08,2024-10-08,2024-11-07,2025-02-05,4.5,6,5587000,0,0
221,28,30,0,90,2024-12-27,2024-12-27,2025-01-26,2025-04-26,4.5,6,984000,0,0
222,65,30,0,90,2024-04-01,2024-04-01,2024-05-01,2024-07-30,4.5,6,8299000,0,0
223,34,30,0,90,2024-05-12,2024-05-12,2024-06-11,2024-09-09,4.5,6,2140000,0,0
224,5,30,0,90,2025-02-25,2025-02-25,2025-03-27,2025-06-25,4.5,6,6757000,0,0
225,68,30,0,90,2024-04-18,2024-04-18,2024-05-18,2024-08-16,4.5,6,9748000,0,0
226,54,30,0,90,2025-01-06,2025-01-06,2025-02-05,2025-05-06,4.5,6,4717000,0,0
227,55,30,0,90,2024-05-10,2024-05-10,2024-06-09,2024-09-07,4.5,6,4195000,0,0
228,82,30,0,90,2024-11-09,2024-11-09,2024-12-09,2025-03-09,4.5,6,9696000,0,0
229,86,30,0,90,2024-10-30,2024-10-30,2024-11-29,2025-02-27,4.5,6,4351000,0,0
230,46,30,0,90,2025-02-26,2025-02-26,2025-03-28,2025-06-26,4.5,6,1702000,0,0
231,58,30,0,90,2024-06-18,2024-06-18,2024-07-18,2024-10-16,4.5,6,3174000,0,0
232,3,30,0,90,2024-04-01,2024-04-01,2024-05-01,2024-07-30,4.5,6,467000,0,0
233,28,30,0,90,2025-01-06,2025-01-06,2025-02-05,2025-05-06,4.5,6,1531000,0,0
234,42,30,0,90,2024-11-03,2024-11-03,2024-12-03,2025-03-03,4.5,6,796000,0,0
235,23,30,0,90,2024-08-11,2024-08-11,2024-09-10,2024-12-09,4.5,6,6481000,0,0
236,95,30,0,90,2025-01-25,2025-01-25,2025-02-24,2025-05-25,4.5,6,9629000,0,0
237,25,30,0,90,2024-10-09,2024-10-09,2024-11-08,2025-02-06,4.5,6,4132000,0,0
238,86,30,0,90,2025-03-20,2025-03-20,2025-04-19,2025-07-18,4.5,6,3237000,0,0
239,18,30,0,90,2024-08-16,2024-08-16,2024-09-15,2024-12-14,4.5,6,1597000,0,0
240,36,30,0,90,2024-06-07,2024-06-07,2024-07-07,2024-10-05,4.5,6,2302000,0,0
241,7,30,0,90,2025-03-16,2025-03-16,2025-04-15,2025-07-14,4.5,6,7823000,0,0
242,34,30,0,90,2024-07-20,2024-07-20,2024-08-19,2024-11-17,4.5,6,8173000,0,0
243,80,30,0,90,2024-11-06,2024-11-06,2024-12-06,2025-03-06,4.5,6,7421000,0,0
244,61,30,0,90,2024-08-02,2024-08-02,2024-09-01,2024-11-30,4.5,6,7703000,0,0
245,48,30,0,90,2024-10-24,2024-10-24,2024-11-23,2025-02-21,4.5,6,4331000,0,0
246,68,30,0,90,2024-07-17,2024-07-17,2024-08-16,2024-11-14,4.5,6,4708000,0,0
247,44,30,0,90,2024-11-25,2024-11-25,2024-12-25,2025-03-25,4.5,6,3675000,0,0
248,26,30,0,90,2024-10-04,2024-10-04,2024-11-03,2025-02-01,4.5,6,2401000,0,0
249,83,30,0,90,2024-07-11,2024-07-11,2024-08-10,2024-11-08,4.5,6,9661000,0,0
250,14,30,0,90,2024-12-21,2024-12-21,2025-01-20,2025-04-20,4.5,6,9061000,0,0
251,62,30,0,90,2024-07-24,2024-07-24,2024-08-23,2024-11-21,4.5,6,7394000,0,0
252,10,30,0,90,2024-09-24,2024-09-24,2024-10-24,2025-01-22,4.5,6,864000,0,0
253,91,30,0,90,2025-02-27,2025-02-27,2025-03-29,2025-06-27,4.5,6,3936000,0,0
254,98,30,0,90,2024-07-22,2024-07-22,2024-08-21,2024-11-19,4.5,6,5654000,0,0
255,73,30,0,90,2024-04-28,2024-04-28,2024-05-28,2024-08-26,4.5,6,8596000,0,0
256,98,30,0,90,2025-01-29,2025-01-29,2025-02-28,2025-05-29,4.5,6,4615000,0,0
257,21,30,0,90,2024-11-26,2024-11-26,2024-12-26,2025-03-26,4.5,6,7617000,0,0
258,28,30,0,90,2024-08-16,2024-08-16,2024-09-15,2024-12-14,4.5,6,8304000,0,0
259,14,30,0,90,2024-04-27,2024-04-27,2024-05-27,2024-08-25,4.5,6,1478000,0,0
260,17,30,0,90,2024-05-28,2024-05-28,2024-06-27,2024-09-25,4.5,6,628000,0,0
261,33,30,0,90,2025-01-19,2025-01-19,2025-02-18,2025-05-19,4.5,6,9426000,0,0
262,23,30,0,90,2024-08-12,2024-08-12,2024-09-11,2024-12-10,4.5,6,699000,0,0
263,42,30,0,90,2024-07-28,2024-07-28,2024-08-27,2024-11-25,4.5,6,6992000,0,0
264,60,30,0,90,2024-06-07,2024-06-07,2024-07-07,2024-10-05,4.5,6,2259000,0,0
265,78,30,0,90,2024-08-02,2024-08-02,2024-09-01,2024-11-30,4.5,6,4103000,0,0
266,93,30,0,90,2025-03-02,2025-03-02,2025-04-01,2025-06-30,4.5,6,905000,0,0
267,66,30,0,90,2024-04-03,2024-04-03,2024-05-03,2024-08-01,4.5,6,3485000,0,0
268,85,30,0,90,2024-04-24,2024-04-24,2024-05-24,2024-08-22,4.5,6,7675000,0,0
269,80,30,0,90,2025-02-02,2025-02-02,2025-03-04,2025-06-02,4.5,6,7935000,0,0
270,83,30,0,90,2024-10-12,2024-10-12,2024-11-11,2025-02-09,4.5,6,4125000,0,0
271,55,30,0,90,2025-03-24,2025-03-24,2025-04-23,2025-07-22,4.5,6,863000,0,0
272,65,30,0,90,2025-02-11,2025-02-11,2025-03-13,2025-06-11,4.5,6,3821000,0,0
273,14,30,0,90,2025-02-04,2025-02-04,2025-03-06,2025-06-04,4.5,6,8307000,0,0
274,13,30,0,90,2024-11-16,2024-11-16,2024-12-16,2025-03-16,4.5,6,1092000,0,0
275,21,30,0,90,2024-07-18,2024-07-18,2024-08-17,2024-11-15,4.5,6,8879000,0,0
276,50,30,0,90,2025-01-10,2025-01-10,2025-02-09,2025-05-10,4.5,6,8842000,0,0
277,39,30,0,90,2024-08-01,2024-08-01,2024-08-31,2024-11-29,4.5,6,1717000,0,0
278,44,30,0,90,2024-07-22,2024-07-22,2024-08-21,2024-11-19,4.5,6,7672000,0,0
279,43,30,0,90,2024-10-27,2024-10-27,2024-11-26,2025-02-24,4.5,6,5162000,0,0
280,35,30,0,90,2024-11-12,2024-11-12,2024-12-12,2025-03-12,4.5,6,1590000,0,0
281,59,30,0,90,2024-09-25,2024-09-25,2024-10-25,2025-01-23,4.5,6,5665000,0,0
282,65,30,0,90,2024-12-31,2024-12-31,2025-01-30,2025-04-30,4.5,6,3509000,0,0
283,5,30,0,90,2024-05-26,2024-05-26,2024-06-25,2024-09-23,4.5,6,161000,0,0
284,5,30,0,90,2024-04-30,2024-04-30,2024-05-30,2024-08-28,4.5,6,7723000,0,0
285,20,30,0,90,2025-02-17,2025-02-17,2025-03-19,2025-06-17,4.5,6,8107000,0,0
286,56,30,0,90,2024-05-02,2024-05-02,2024-06-01,2024-08-30,4.5,6,8804000,0,0
287,14,30,0,90,2025-01-25,2025-01-25,2025-02-24,2025-05-25,4.5,6,9160000,0,0
288,31,30,0,90,2024-07-03,2024-07-03,2024-08-02,2024-10-31,4.5,6,5246000,0,0
289,40,30,0,90,2025-03-21,2025-03-21,2025-04-20,2025-07-19,4.5,6,9244000,0,0
290,37,30,0,90,2024-05-15,2024-05-15,2024-06-14,2024-09-12,4.5,6,9839000,0,0
291,83,30,0,90,2024-11-21,2024-11-21,2024-12-21,2025-03-21,4.5,6,6466000,0,0
292,73,30,0,90,2024-05-10,2024-05-10,2024-06-09,2024-09-07,4.5,6,2567000,0,0
293,58,30,0,90,2025-01-09,2025-01-09,2025-02-08,2025-05-09,4.5,6,5273000,0,0
294,27,30,0,90,2024-08-11,2024-08-11,2024-09-10,2024-12-09,4.5,6,9247000,0,0
295,23,30,0,90,2024-06-27,2024-06-27,2024-07-27,2024-10-25,4.5,6,2636000,0,0
296,84,30,0,90,2025-01-11,2025-01-11,2025-02-10,2025-05-11,4.5,6,6428000,0,0
297,31,30,0,90,2024-11-10,2024-11-10,2024-12-10,2025-03-10,4.5,6,5026000,0,0
298,73,30,0,90,2024-10-15,2024-10-15,2024-11-14,2025-02-12,4.5,6,2311000,0,0
299,50,30,0,90,2024-06-26,2024-06-26,2024-07-26,2024-10-24,4.5,6,8629000,0,0
300,14,30,0,90,2024-10-28,2024-10-28,2024-11-27,2025-02-25,4.5,6,7102000,0,0
301,94,30,0,90,2024-11-20,2024-11-20,2024-12-20,2025-03-20,4.5,6,8266000,0,0
302,87,30,0,90,2024-10-10,2024-10-10,2024-11-09,2025-02-07,4.5,6,4646000,0,0
303,36,30,0,90,2024-07-10,2024-07-10,2024-08-09,2024-11-07,4.5,6,5097000,0,0
304,99,30,0,90,2024-07-03,2024-07-03,2024-08-02,2024-10-31,4.5,6,5660000,0,0
305,51,30,0,90,2025-01-12,2025-01-12,2025-02-11,2025-05-12,4.5,6,2207000,0,0
306,72,30,0,90,2024-06-16,2024-06-16,2024-07-16,2024-10-14,4.5,6,4522000,0,0
307,70,30,0,90,2024-04-18,2024-04-18,2024-05-18,2024-08-16,4.5,6,7937000,0,0
308,33,30,0,90,2024-05-15,2024-05-15,2024-06-14,2024-09-12,4.5,6,3751000,0,0
309,69,30,0,90,2024-04-22,2024-04-22,2024-05-22,2024-08-20,4.5,6,4686000,0,0
310,64,30,0,90,2024-05-22,2024-05-22,2024-06-21,2024-09-19,4.5,6,1461000,0,0
311,79,30,0,90,2025-03-27,2025-03-27,2025-04-26,2025-07-25,4.5,6,8327000,0,0
312,64,30,0,90,2024-10-29,2024-10-29,2024-11-28,2025-02-26,4.5,6,4107000,0,0
313,39,30,0,90,2025-01-05,2025-01-05,2025-02-04,2025-05-05,4.5,6,1360000,0,0
314,63,30,0,90,2025-01-31,2025-01-31,2025-03-02,2025-05-31,4.5,6,310000,0,0
315,71,30,0,90,2024-07-08,2024-07-08,2024-08-07,2024-11-05,4.5,6,6477000,0,0
316,16,30,0,90,2025-02-08,2025-02-08,2025-03-10,2025-06-08,4.5,6,6386000,0,0
317,76,30,0,90,2024-11-26,2024-11-26,2024-12-26,2025-03-26,4.5,6,5829000,0,0
318,51,30,0,90,2025-03-12,2025-03-12,2025-04-11,2025-07-10,4.5,6,60000,0,0
319,58,30,0,90,2024-09-15,2024-09-15,2024-10-15,2025-01-13,4.5,6,7325000,0,0
320,81,30,0,90,2024-05-05,2024-05-05,2024-06-04,2024-09-02,4.5,6,7633000,0,0
321,18,30,0,90,2025-02-10,2025-02-10,2025-03-12,2025-06-10,4.5,6,4090000,0,0
322,47,30,0,90,2024-04-17,2024-04-17,2024-05-17,2024-08-15,4.5,6,3389000,0,0
323,6,30,0,90,2025-03-23,2025-03-23,2025-04-22,2025-07-21,4.5,6,3398000,0,0
324,51,30,0,90,2024-07-20,2024-07-20,2024-08-19,2024-11-17,4.5,6,9252000,0,0
325,75,30,0,90,2024-08-10,2024-08-10,2024-09-09,2024-12-08,4.5,6,4251000,0,0
326,99,30,0,90,2025-01-31,2025-01-31,2025-03-02,2025-05-31,4.5,6,3730000,0,0
327,92,30,0,90,2024-08-19,2024-08-19,2024-09-18,2024-12-17,4.5,6,1558000,0,0
328,75,30,0,90,2024-11-11,2024-11-11,2024-12-11,2025-03-11,4.5,6,628000,0,0
329,28,30,0,90,2024-09-14,2024-09-14,2024-10-14,2025-01-12,4.5,6,1471000,0,0
330,24,30,0,90,2024-12-19,2024-12-19,2025-01-18,2025-04-18,4.5,6,8384000,0,0
331,60,30,0,90,2024-09-26,2024-09-26,2024-10-26,2025-01-24,4.5,6,6105000,0,0
332,9,30,0,90,2025-02-27,2025-02-27,2025-03-29,2025-06-27,4.5,6,2824000,0,0
333,7,30,0,90,2024-04-23,2024-04-23,2024-05-23,2024-08-21,4.5,6,656000,0,0
334,6,30,0,90,2024-05-19,2024-05-19,2024-06-18,2024-09-16,4.5,6,8746000,0,0
335,78,30,0,90,2025-03-03,2025-03-03,2025-04-02,2025-07-01,4.5,6,6567000,0,0
336,35,30,0,90,2025-03-13,2025-03-13,2025-04-12,2025-07-11,4.5,6,9151000,0,0
337,99,30,0,90,2024-06-15,2024-06-15,2024-07-15,2024-10-13,4.5,6,6316000,0,0
338,8,30,0,90,2024-05-25,2024-05-25,2024-06-24,2024-09-22,4.5,6,4298000,0,0
339,63,30,0,90,2024-07-05,2024-07-05,2024-08-04,2024-11-02,4.5,6,9520000,0,0
340,72,30,0,90,2024-06-06,2024-06-06,2024-07-06,2024-10-04,4.5,6,5770000,0,0
341,16,30,0,90,2024-11-10,2024-11-10,2024-12-10,2025-03-10,4.5,6,2336000,0,0
342,56,30,0,90,2024-09-09,2024-09-09,2024-10-09,2025-01-07,4.5,6,7914000,0,0
343,37,30,0,90,2024-04-26,2024-04-26,2024-05-26,2024-08-24,4.5,6,8593000,0,0
344,89,30,0,90,2024-08-27,2024-08-27,2024-09-26,2024-12-25,4.5,6,6920000,0,0
345,44,30,0,90,2024-07-05,2024-07-05,2024-08-04,2024-11-02,4.5,6,3916000,0,0
346,33,30,0,90,2024-09-15,2024-09-15,2024-10-15,2025-01-13,4.5,6,128000,0,0
347,38,30,0,90,2024-10-30,2024-10-30,2024-11-29,2025-02-27,4.5,6,5194000,0,0
348,51,30,0,90,2025-01-31,2025-01-31,2025-03-02,2025-05-31,4.5,6,4504000,0,0
349,37,30,0,90,2024-08-10,2024-08-10,2024-09-09,2024-12-08,4.5,6,9212000,0,0
350,63,30,0,90,2024-10-06,2024-10-06,2024-11-05,2025-02-03,4.5,6,9082000,0,0
351,13,30,0,90,2025-03-28,2025-03-28,2025-04-27,2025-07-26,4.5,6,4415000,0,0
352,32,30,0,90,2025-03-19,2025-03-19,2025-04-18,2025-07-17,4.5,6,316000,0,0
353,99,30,0,90,2025-02-09,2025-02-09,2025-03-11,2025-06-09,4.5,6,3176000,0,0
354,24,30,0,90,2024-07-29,2024-07-29,2024-08-28,2024-11-26,4.5,6,8302000,0,0
355,7,30,0,90,2024-08-24,2024-08-24,2024-09-23,2024-12-22,4.5,6,7930000,0,0
356,44,30,0,90,2025-01-23,2025-01-23,2025-02-22,2025-05-23,4.5,6,1313000,0,0
357,64,30,0,90,2024-08-13,2024-08-13,2024-09-12,2024-12-11,4.5,6,4481000,0,0
358,56,30,0,90,2024-05-15,2024-05-15,2024-06-14,2024-09-12,4.5,6,8416000,0,0
359,91,30,0,90,2024-06-09,2024-06-09,2024-07-09,2024-10-07,4.5,6,4276000,0,0
360,25,30,0,90,2025-03-06,2025-03-06,2025-04-05,2025-07-04,4.5,6,3476000,0,0
361,59,30,0,90,2024-11-30,2024-11-30,2024-12-30,2025-03-30,4.5,6,9350000,0,0
362,29,30,0,90,2024-04-05,2024-04-05,2024-05-05,2024-08-03,4.5,6,7260000,0,0
363,32,30,0,90,2024-09-02,2024-09-02,2024-10-02,2024-12-31,4.5,6,363000,0,0
364,59,30,0,90,2025-01-31,2025-01-31,2025-03-02,2025-05-31,4.5,6,6906000,0,0
365,59,30,0,90,2024-04-28,2024-04-28,2024-05-28,2024-08-26,4.5,6,8473000,0,0
366,97,30,0,90,2024-06-26,2024-06-26,2024-07-26,2024-10-24,4.5,6,8777000,0,0
367,98,30,0,90,2024-11-22,2024-11-22,2024-12-22,2025-03-22,4.5,6,8108000,0,0
368,56,30,0,90,2024-08-03,2024-08-03,2024-09-02,2024-12-01,4.5,6,5620000,0,0
369,37,30,0,90,2024-09-13,2024-09-13,2024-10-13,2025-01-11,4.5,6,157000,0,0
370,94,30,0,90,2024-08-27,2024-08-27,2024-09-26,2024-12-25,4.5,6,5764000,0,0
371,95,30,0,90,2024-07-08,2024-07-08,2024-08-07,2024-11-05,4.5,6,8777000,0,0
372,80,30,0,90,2024-09-13,2024-09-13,2024-10-13,2025-01-11,4.5,6,8456000,0,0
373,46,30,0,90,2025-02-03,2025-02-03,2025-03-05,2025-06-03,4.5,6,6814000,0,0
374,60,30,0,90,2024-06-27,2024-06-27,2024-07-27,2024-10-25,4.5,6,8858000,0,0
375,90,30,0,90,2024-07-26,2024-07-26,2024-08-25,2024-11-23,4.5,6,6810000,0,0
376,56,30,0,90,2024-08-17,2024-08-17,2024-09-16,2024-12-15,4.5,6,8596000,0,0
377,57,30,0,90,2024-05-18,2024-05-18,2024-06-17,2024-09-15,4.5,6,3294000,0,0
378,53,30,0,90,2024-07-15,2024-07-15,2024-08-14,2024-11-12,4.5,6,8372000,0,0
379,73,30,0,90,2025-02-15,2025-02-15,2025-03-17,2025-06-15,4.5,6,2894000,0,0
380,20,30,0,90,2024-12-08,2024-12-08,2025-01-07,2025-04-07,4.5,6,9309000,0,0
381,3,30,0,90,2024-08-22,2024-08-22,2024-09-21,2024-12-20,4.5,6,1306000,0,0
382,15,30,0,90,2024-12-02,2024-12-02,2025-01-01,2025-04-01,4.5,6,900000,0,0
383,28,30,0,90,2024-10-14,2024-10-14,2024-11-13,2025-02-11,4.5,6,5021000,0,0
384,92,30,0,90,2024-04-12,2024-04-12,2024-05-12,2024-08-10,4.5,6,2352000,0,0
385,30,30,0,90,2024-09-20,2024-09-20,2024-10-20,2025-01-18,4.5,6,9290000,0,0
386,33,30,0,90,2024-04-14,2024-04-14,2024-05-14,2024-08-12,4.5,6,9764000,0,0
387,61,30,0,90,2024-08-05,2024-08-05,2024-09-04,2024-12-03,4.5,6,6247000,0,0
388,20,30,0,90,2025-02-19,2025-02-19,2025-03-21,2025-06-19,4.5,6,9848000,0,0
389,66,30,0,90,2024-11-07,2024-11-07,2024-12-07,2025-03-07,4.5,6,9487000,0,0
390,10,30,0,90,2024-12-20,2024-12-20,2025-01-19,2025-04-19,4.5,6,9835000,0,0
391,20,30,0,90,2024-10-08,2024-10-08,2024-11-07,2025-02-05,4.5,6,214000,0,0
392,95,30,0,90,2024-10-01,2024-10-01,2024-10-31,2025-01-29,4.5,6,6809000,0,0
393,92,30,0,90,2024-09-19,2024-09-19,2024-10-19,2025-01-17,4.5,6,2273000,0,0
394,27,30,0,90,2024-08-08,2024-08-08,2024-09-07,2024-12-06,4.5,6,2600000,0,0
395,83,30,0,90,2024-09-18,2024-09-18,2024-10-18,2025-01-16,4.5,6,7850000,0,0
396,8,30,0,90,2025-02-04,2025-02-04,2025-03-06,2025-06-04,4.5,6,6581000,0,0
397,47,30,0,90,2024-10-25,2024-10-25,2024-11-24,2025-02-22,4.5,6,4544000,0,0
398,81,30,0,90,2025-02-04,2025-02-04,2025-03-06,2025-06-04,4.5,6,1711000,0,0
399,85,30,0,90,2024-04-13,2024-04-13,2024-05-13,2024-08-11,4.5,6,9843000,0,0
400,9,30,0,90,2024-12-30,2024-12-30,2025-01-29,2025-04-29,4.5,6,8385000,0,0
401,49,30,0,90,2024-08-27,2024-08-27,2024-09-26,2024-12-25,4.5,6,6700000,0,0
402,54,30,0,90,2024-12-27,2024-12-27,2025-01-26,2025-04-26,4.5,6,1415000,0,0
403,28,30,0,90,2025-03-04,2025-03-04,2025-04-03,2025-07-02,4.5,6,1851000,0,0
404,19,30,0,90,2025-02-13,2025-02-13,2025-03-15,2025-06-13,4.5,6,8489000,0,0
405,72,30,0,90,2024-07-15,2024-07-15,2024-08-14,2024-11-12,4.5,6,3841000,0,0
406,49,30,0,90,2024-11-30,2024-11-30,2024-12-30,2025-03-30,4.5,6,7511000,0,0
407,18,30,0,90,2024-07-14,2024-07-14,2024-08-13,2024-11-11,4.5,6,7816000,0,0
408,12,30,0,90,2025-03-24,2025-03-24,2025-04-23,2025-07-22,4.5,6,6499000,0,0
409,75,30,0,90,2024-08-04,2024-08-04,2024-09-03,2024-12-02,4.5,6,8609000,0,0
410,33,30,0,90,2024-09-03,2024-09-03,2024-10-03,2025-01-01,4.5,6,4064000,0,0
411,40,30,0,90,2024-04-11,2024-04-11,2024-05-11,2024-08-09,4.5,6,8729000,0,0
412,36,30,0,90,2024-05-15,2024-05-15,2024-06-14,2024-09-12,4.5,6,6566000,0,0
413,98,30,0,90,2024-04-20,2024-04-20,2024-05-20,2024-08-18,4.5,6,4349000,0,0
414,40,30,0,90,2024-09-08,2024-09-08,2024-10-08,2025-01-06,4.5,6,8793000,0,0
415,34,30,0,90,2024-04-24,2024-04-24,2024-05-24,2024-08-22,4.5,6,785000,0,0
416,72,30,0,90,2025-02-17,2025-02-17,2025-03-19,2025-06-17,4.5,6,5280000,0,0
417,80,30,0,90,2024-04-27,2024-04-27,2024-05-27,2024-08-25,4.5,6,4782000,0,0
418,29,30,0,90,2024-07-11,2024-07-11,2024-08-10,2024-11-08,4.5,6,340000,0,0
419,11,30,0,90,2024-08-05,2024-08-05,2024-09-04,2024-12-03,4.5,6,1393000,0,0
420,45,30,0,90,2024-04-16,2024-04-16,2024-05-16,2024-08-14,4.5,6,1207000,0,0
421,14,30,0,90,2024-04-26,2024-04-26,2024-05-26,2024-08-24,4.5,6,4918000,0,0
422,53,30,0,90,2024-05-17,2024-05-17,2024-06-16,2024-09-14,4.5,6,4527000,0,0
423,19,30,0,90,2024-05-07,2024-05-07,2024-06-06,2024-09-04,4.5,6,8638000,0,0
424,62,30,0,90,2025-02-04,2025-02-04,2025-03-06,2025-06-04,4.5,6,2782000,0,0
425,43,30,0,90,2024-10-09,2024-10-09,2024-11-08,2025-02-06,4.5,6,3193000,0,0
426,92,30,0,90,2024-10-14,2024-10-14,2024-11-13,2025-02-11,4.5,6,7983000,0,0
427,89,30,0,90,2025-02-09,2025-02-09,2025-03-11,2025-06-09,4.5,6,7561000,0,0
428,35,30,0,90,2024-09-15,2024-09-15,2024-10-15,2025-01-13,4.5,6,7456000,0,0
429,71,30,0,90,2025-03-05,2025-03-05,2025-04-04,2025-07-03,4.5,6,7153000,0,0
430,46,30,0,90,2024-08-06,2024-08-06,2024-09-05,2024-12-04,4.5,6,9827000,0,0
431,70,30,0,90,2025-03-17,2025-03-17,2025-04-16,2025-07-15,4.5,6,3802000,0,0
432,75,30,0,90,2025-02-17,2025-02-17,2025-03-19,2025-06-17,4.5,6,6746000,0,0
433,67,30,0,90,2025-02-01,2025-02-01,2025-03-03,2025-06-01,4.5,6,3211000,0,0
434,56,30,0,90,2024-10-27,2024-10-27,2024-11-26,2025-02-24,4.5,6,4183000,0,0
435,55,30,0,90,2024-12-01,2024-12-01,2024-12-31,2025-03-31,4.5,6,2366000,0,0
436,13,30,0,90,2024-07-30,2024-07-30,2024-08-29,2024-11-27,4.5,6,3167000,0,0
437,93,30,0,90,2024-05-25,2024-05-25,2024-06-24,2024-09-22,4.5,6,8100000,0,0
438,62,30,0,90,2025-01-06,2025-01-06,2025-02-05,2025-05-06,4.5,6,2372000,0,0
439,77,30,0,90,2024-08-28,2024-08-28,2024-09-27,2024-12-26,4.5,6,4499000,0,0
440,9,30,0,90,2024-04-15,2024-04-15,2024-05-15,2024-08-13,4.5,6,7336000,0,0
441,69,30,0,90,2024-11-03,2024-11-03,2024-12-03,2025-03-03,4.5,6,8752000,0,0
442,100,30,0,90,2024-11-04,2024-11-04,2024-12-04,2025-03-04,4.5,6,9181000,0,0
443,10,30,0,90,2025-03-08,2025-03-08,2025-04-07,2025-07-06,4.5,6,4490000,0,0
444,94,30,0,90,2024-11-16,2024-11-16,2024-12-16,2025-03-16,4.5,6,8075000,0,0
445,61,30,0,90,2025-03-01,2025-03-01,2025-03-31,2025-06-29,4.5,6,7390000,0,0
446,5,30,0,90,2024-06-20,2024-06-20,2024-07-20,2024-10-18,4.5,6,4052000,0,0
447,81,30,0,90,2024-12-31,2024-12-31,2025-01-30,2025-04-30,4.5,6,7247000,0,0
448,85,30,0,90,2024-09-01,2024-09-01,2024-10-01,2024-12-30,4.5,6,8257000,0,0
449,59,30,0,90,2024-08-24,2024-08-24,2024-09-23,2024-12-22,4.5,6,2181000,0,0
450,73,30,0,90,2025-02-20,2025-02-20,2025-03-22,2025-06-20,4.5,6,6860000,0,0
451,29,30,0,90,2024-09-04,2024-09-04,2024-10-04,2025-01-02,4.5,6,9283000,0,0
452,81,30,0,90,2024-10-03,2024-10-03,2024-11-02,2025-01-31,4.5,6,6527000,0,0
453,83,30,0,90,2024-09-27,2024-09-27,2024-10-27,2025-01-25,4.5,6,4154000,0,0
454,39,30,0,90,2024-11-22,2024-11-22,2024-12-22,2025-03-22,4.5,6,7892000,0,0
455,93,30,0,90,2024-10-10,2024-10-10,2024-11-09,2025-02-07,4.5,6,9261000,0,0
456,9,30,0,90,2024-06-30,2024-06-30,2024-07-30,2024-10-28,4.5,6,1912000,0,0
457,84,30,0,90,2025-02-22,2025-02-22,2025-03-24,2025-06-22,4.5,6,853000,0,0
458,93,30,0,90,2024-04-21,2024-04-21,2024-05-21,2024-08-19,4.5,6,5952000,0,0
459,1,30,0,90,2024-04-17,2024-04-17,2024-05-17,2024-08-15,4.5,6,7334000,0,0
460,41,30,0,90,2024-09-04,2024-09-04,2024-10-04,2025-01-02,4.5,6,2477000,0,0
461,57,30,0,90,2024-09-03,2024-09-03,2024-10-03,2025-01-01,4.5,6,426000,0,0
462,92,30,0,90,2024-11-30,2024-11-30,2024-12-30,2025-03-30,4.5,6,767000,0,0
463,40,30,0,90,2024-10-06,2024-10-06,2024-11-05,2025-02-03,4.5,6,2772000,0,0
464,6,30,0,90,2025-03-25,2025-03-25,2025-04-24,2025-07-23,4.5,6,6998000,0,0
465,32,30,0,90,2024-03-29,2024-03-29,2024-04-28,2024-07-27,4.5,6,2402000,0,0
466,88,30,0,90,2025-03-02,2025-03-02,2025-04-01,2025-06-30,4.5,6,3068000,0,0
467,58,30,0,90,2025-01-27,2025-01-27,2025-02-26,2025-05-27,4.5,6,7040000,0,0
468,73,30,0,90,2024-09-13,2024-09-13,2024-10-13,2025-01-11,4.5,6,9538000,0,0
469,19,30,0,90,2024-03-29,2024-03-29,2024-04-28,2024-07-27,4.5,6,9308000,0,0
470,13,30,0,90,2024-10-20,2024-10-20,2024-11-19,2025-02-17,4.5,6,9587000,0,0
471,56,30,0,90,2024-06-25,2024-06-25,2024-07-25,2024-10-23,4.5,6,9424000,0,0
472,17,30,0,90,2024-12-13,2024-12-13,2025-01-12,2025-04-12,4.5,6,311000,0,0
473,29,30,0,90,2025-02-27,2025-02-27,2025-03-29,2025-06-27,4.5,6,7998000,0,0
474,3,30,0,90,2025-01-28,2025-01-28,2025-02-27,2025-05-28,4.5,6,4355000,0,0
475,68,30,0,90,2024-08-12,2024-08-12,2024-09-11,2024-12-10,4.5,6,5484000,0,0
476,69,30,0,90,2025-02-13,2025-02-13,2025-03-15,2025-06-13,4.5,6,9005000,0,0
477,47,30,0,90,2025-01-24,2025-01-24,2025-02-23,2025-05-24,4.5,6,6970000,0,0
478,64,30,0,90,2024-11-29,2024-11-29,2024-12-29,2025-03-29,4.5,6,2264000,0,0
479,29,30,0,90,2024-07-03,2024-07-03,2024-08-02,2024-10-31,4.5,6,8275000,0,0
480,22,30,0,90,2024-12-28,2024-12-28,2025-01-27,2025-04-27,4.5,6,4312000,0,0
481,56,30,0,90,2024-05-15,2024-05-15,2024-06-14,2024-09-12,4.5,6,1469000,0,0
482,98,30,0,90,2025-01-23,2025-01-23,2025-02-22,2025-05-23,4.5,6,6872000,0,0
483,74,30,0,90,2024-08-17,2024-08-17,2024-09-16,2024-12-15,4.5,6,28000,0,0
484,37,30,0,90,2024-10-19,2024-10-19,2024-11-18,2025-02-16,4.5,6,6278000,0,0
485,100,30,0,90,2024-04-13,2024-04-13,2024-05-13,2024-08-11,4.5,6,2667000,0,0
486,78,30,0,90,2024-08-27,2024-08-27,2024-09-26,2024-12-25,4.5,6,6545000,0,0
487,3,30,0,90,2024-04-25,2024-04-25,2024-05-25,2024-08-23,4.5,6,7404000,0,0
488,20,30,0,90,2024-07-26,2024-07-26,2024-08-25,2024-11-23,4.5,6,5194000,0,0
489,57,30,0,90,2024-10-10,2024-10-10,2024-11-09,2025-02-07,4.5,6,3094000,0,0
490,65,30,0,90,2024-10-05,2024-10-05,2024-11-04,2025-02-02,4.5,6,9578000,0,0
491,21,30,0,90,2024-07-31,2024-07-31,2024-08-30,2024-11-28,4.5,6,9756000,0,0
492,42,30,0,90,2024-06-02,2024-06-02,2024-07-02,2024-09-30,4.5,6,4940000,0,0
493,67,30,0,90,2024-05-16,2024-05-16,2024-06-15,2024-09-13,4.5,6,1395000,0,0
494,66,30,0,90,2025-03-16,2025-03-16,2025-04-15,2025-07-14,4.5,6,1561000,0,0
495,11,30,0,90,2024-04-25,2024-04-25,2024-05-25,2024-08-23,4.5,6,4411000,0,0
496,2,30,0,90,2025-03-16,2025-03-16,2025-04-15,2025-07-14,4.5,6,1837000,0,0
497,64,30,0,90,2025-01-12,2025-01-12,2025-02-11,2025-05-12,4.5,6,6546000,0,0
498,84,30,0,90,2025-01-03,2025-01-03,2025-02-02,2025-05-03,4.5,6,1929000,0,0
499,37,30,0,90,2024-03-30,2024-03-30,2024-04-29,2024-07-28,4.5,6,8394000,0,0
500,10,30,0,90,2025-01-28,2025-01-28,2025-02-27,2025-05-28,4.5,6,7865000,0,0
